ProjectID,ROI,InitiativeID,intake_number,intake_name,Domain,DeliveryModel,Lead
Project 01,10.5,desc111,Pbpt01,project name 1,Lending,T&M,Amit N
Project 02,15.75,desc2,Pbpt02,project name 2,Lending,FP,Maneet
Project 03,8.9,desc3,Pbpt03,project name 3,Lending,T&M,Arvind
Project 04,22.4,desc4,Pbpt04,project name 4,Lending,FP,Anurag
Project 05,12,desc5,Pbpt05,project name 5,Lending,T&M,Achintya
Project 06,10.5,desc111,Pbpt06,project name 6,Deposit,FP,Bobbett
Project 07,15.75,desc2,Pbpt07,project name 7,Deposit,T&M,Amit N
Project 08,8.9,desc3,Pbpt08,project name 8,Deposit,FP,Maneet
Project 09,22.4,desc4,Pbpt09,project name 9,Deposit,T&M,Arvind
Project 10,12,desc5,Pbpt10,project name 10,Deposit,FP,Anurag
Project 11,10.5,desc111,Pbpt11,project name 11,Deposit,T&M,Achintya
Project 12,15.75,desc2,Pbpt12,project name 12,Deposit,FP,Bobbett
Project 13,8.9,desc3,Pbpt13,project name 13,Deposit,T&M,Amit N
Project 14,22.4,desc4,Pbpt14,project name 14,Deposit,FP,Maneet
Project 15,12,desc5,Pbpt15,project name 15,Deposit,T&M,Arvind
Project 16,10000,desc5,Pbpt16,project name 16,Deposit,FP,Anurag
